model	part	motion_source	free_count	longest_run	free_ids
pl0000	body	own	53	37 (213-249)	56-59,95,97-99,182-189,213-249
pl0003	head	own	53	37 (213-249)	56-59,95,97-99,182-189,213-249
pl0010	body	own	130	85 (165-249)	56-59,75,94-129,148-149,158-159,165-249
pl0013	head	own	107	85 (165-249)	56-59,75,94-99,123-129,148-149,158-159,165-249
pl0070	body	family	53	37 (213-249)	56-59,95,97-99,182-189,213-249
pl0073	head	family	53	37 (213-249)	56-59,95,97-99,182-189,213-249
pl0080	body	own	139	85 (165-249)	56-59,74-75,94-129,148-159,165-249
pl0083	head	own	112	85 (165-249)	56-59,74-75,98-99,123-129,148-159,165-249
pl0090	body	own	138	85 (165-249)	56-59,75,94-129,148-159,165-249
pl0093	head	own	116	85 (165-249)	56-59,74-75,94-99,123-129,148-159,165-249
pl0100	body	own	84	37 (213-249)	56-59,77-99,123-129,173-174,176,178-179,182-189,213-249
pl0103	head	own	84	37 (213-249)	56-59,77-99,123-129,173-174,176,178-179,182-189,213-249
pl0110	body	own	122	46 (74-119)	56-59,74-119,124-129,157-165,170-199,218-219,221-224,226,228-229,231,233-249
pl0120	body	family	70	23 (77-99)	56-59,77-99,124-129,173-174,176,178-179,182-189,218-224,226,228-229,236-249
pl0170	body	family	74	23 (77-99)	56-59,77-99,124-129,173-174,176,178-179,182-189,218-224,226,228-229,231,233-249
pl0173	head	family	74	23 (77-99)	56-59,77-99,124-129,173-174,176,178-179,182-189,218-224,226,228-229,231,233-249
pl0180	body	own	137	68 (182-249)	56-59,74-119,124-129,144-149,173-179,182-249
pl0183	head	own	112	68 (182-249)	56-59,74-99,123-129,173-179,182-249
pl0190	body	own	165	77 (173-249)	56-59,74-119,124-129,138-169,173-249
pl0193	head	own	145	77 (173-249)	56-59,74-99,124-129,138-169,173-249
pl0200	body	own	139	127 (123-249)	56-59,74-79,98-99,123-249
pl0203	head	own	139	127 (123-249)	56-59,74-79,98-99,123-249
pl0210	body	own	171	153 (97-249)	56-59,74-79,81,83,85,87,89,91,93,95,97-249
pl0220	body	own	145	80 (170-249)	56-59,74-79,81,83,85,87,89,91,93,95,97-129,131-134,138-139,142,145,148,152,156,159,162,165,170-249
pl0270	body	family	106	80 (170-249)	56-59,74-79,98-99,123-129,145,148,152,156,159,162,165,170-249
pl0273	head	family	106	80 (170-249)	56-59,74-79,98-99,123-129,145,148,152,156,159,162,165,170-249
pl0280	body	own	171	153 (97-249)	56-59,74-79,81,83,85,87,89,91,93,95,97-249
pl0283	head	own	148	127 (123-249)	56-59,74-79,81,83,85,87,89,91,93,95,97-99,123-249
pl0290	body	own	167	107 (143-249)	56-59,74-129,143-249
pl0293	head	own	126	107 (143-249)	56-59,74-79,98-99,123-129,143-249
pl0300	body	own	145	127 (123-249)	56-59,74-79,88-89,94-99,123-249
pl0303	head	own	145	127 (123-249)	56-59,74-79,88-89,94-99,123-249
pl0310	body	own	170	118 (132-249)	56-59,74-79,81,83,85,87-89,94-129,132-249
pl0320	body	own	154	88 (162-249)	56-59,74-79,81,83,85,87-99,101-116,119-129,131-134,137-138,141,144,147,150,153,156,159,162-249
pl0330	body	own	155	125 (125-249)	56-59,74-79,81,83,85,87-89,94-99,105,116-122,125-249
pl0333	head	own	143	125 (125-249)	56-59,74-79,88-89,94-99,125-249
pl0370	body	family	123	88 (162-249)	56-59,74-79,88-89,94-99,125-129,132-134,137-138,141,144,147,150,153,156,159,162-249
pl0373	head	family	123	88 (162-249)	56-59,74-79,88-89,94-99,125-129,132-134,137-138,141,144,147,150,153,156,159,162-249
pl0380	body	own	172	156 (94-249)	56-59,74-79,81,83,85,87-89,94-249
pl0383	head	own	139	127 (123-249)	56-59,74-79,98-99,123-249
pl0390	body	own	170	118 (132-249)	56-59,74-79,81,83,85,87-89,94-129,132-249
pl0393	head	own	145	127 (123-249)	56-59,74-79,88-89,94-99,123-249
pl0400	body	own	130	111 (139-249)	56-59,74-75,94-99,123-129,139-249
pl0403	head	own	130	111 (139-249)	56-59,74-75,94-99,123-129,139-249
pl0410	body	own	180	176 (74-249)	56-59,74-249
pl0420	body	own	153	111 (139-249)	56-59,74-75,94-129,139-249
pl0430	body	family	114	95 (155-249)	56-59,74-75,94-99,123-129,155-249
pl0450	body	own	156	95 (155-249)	56-59,74-130,155-249
pl0470	body	family	114	95 (155-249)	56-59,74-75,94-99,123-129,155-249
pl0473	head	family	114	95 (155-249)	56-59,74-75,94-99,123-129,155-249
pl0480	body	own	153	111 (139-249)	56-59,74-75,94-129,139-249
pl0483	head	own	130	111 (139-249)	56-59,74-75,94-99,123-129,139-249
pl0490	body	own	172	111 (139-249)	56-59,74-129,133,139-249
pl0493	head	own	149	111 (139-249)	56-59,74-99,123-129,133,139-249
pl0500	body	own	118	68 (182-249)	56-59,74-99,123-129,144-149,173-179,182-249
pl0503	head	own	118	68 (182-249)	56-59,74-99,123-129,144-149,173-179,182-249
pl0510	body	own	153	77 (173-249)	56-59,74-119,124-129,131,133,135,137,139,141,143,145-149,151,153,155,157,159,161,163,165,173-249
pl0520	body	own	154	78 (172-249)	56-59,74-119,124-129,134,137-139,144-149,151,153,155,157,159,161,163,165,168,170,172-249
pl0530	body	own	141	68 (182-249)	56-59,74-129,144-149,173-179,182-249
pl0540	body	family	113	68 (182-249)	56-59,74-99,124-129,148-149,173-179,182-249
pl0550	body	family	113	68 (182-249)	56-59,74-99,124-129,148-149,173-179,182-249
pl0570	body	family	113	68 (182-249)	56-59,74-99,124-129,148-149,173-179,182-249
pl0573	head	family	113	68 (182-249)	56-59,74-99,124-129,148-149,173-179,182-249
pl0580	body	own	137	68 (182-249)	56-59,74-119,124-129,144-149,173-179,182-249
pl0583	head	own	118	68 (182-249)	56-59,74-99,123-129,144-149,173-179,182-249
pl0590	body	own	133	68 (182-249)	56-59,74-119,124-129,148-149,173-179,182-249
pl0593	head	own	113	68 (182-249)	56-59,74-99,124-129,148-149,173-179,182-249
pl0600	body	own	124	55 (135-189)	56-57,77-99,123-129,135-189,213-249
pl0603	head	own	126	55 (135-189)	56-59,77-99,123-129,135-189,213-249
pl0610	body	own	153	66 (124-189)	56-59,74-119,124-189,213-249
pl0620	body	own	81	37 (213-249)	56-59,89-119,121,123-129,137,213-249
pl0623	head	own	62	37 (213-249)	56-59,89-99,123-129,137,140,143,213-249
pl0640	body	own	129	56 (134-189)	56-59,74-99,124-129,134-189,213-249
pl0670	body	family	60	37 (213-249)	56-59,89-99,124-129,140,143,213-249
pl0673	head	family	59	37 (213-249)	56-59,89-99,124-129,143,213-249
pl0680	body	own	153	55 (135-189)	56-59,76-119,124-129,135-189,192,197,200,203,206,209,212-249
pl0683	head	own	124	55 (135-189)	56-59,79-99,123-129,135-189,213-249
pl0690	body	own	147	50 (140-189)	56-59,77-119,124-129,140-189,192,197,200,203,206,209,212-249
pl0693	head	own	125	50 (140-189)	56-59,79-99,124-129,140-189,192,197,200,203,206,209,212-249
pl0700	body	own	150	55 (135-189)	56-59,77-130,135-189,213-249
pl0703	head	own	150	55 (135-189)	56-59,77-130,135-189,213-249
pl0800	body	family	180	176 (74-249)	56-59,74-249
pl3000	body	own	157	127 (123-249)	56-59,74-99,123-249
pl3003	head	own	157	127 (123-249)	56-59,74-99,123-249
pl4000	body	own	157	127 (123-249)	56-59,74-99,123-249
pl4003	head	own	157	127 (123-249)	56-59,74-99,123-249
pl5000	body	own	157	127 (123-249)	56-59,74-99,123-249
pl5003	head	own	157	127 (123-249)	56-59,74-99,123-249
pl6000	body	own	146	93 (157-249)	56-59,74-99,123-129,134-149,157-249
pl6003	head	own	150	93 (157-249)	56-59,74-99,123-149,157-249
pl9900	body	family	133	48 (202-249)	74-117,139-179,202-249
pl9910	body	family	129	49 (131-179)	74-101,104-107,131-179,202-249
pl9920	body	family	180	176 (74-249)	56-59,74-249
pl9923	head	family	139	127 (123-249)	56-59,74-79,98-99,123-249
