model	part	bones	has_ctc	non_ctc_ids	ctc_ids	ctc_ids_missing_in_mod
pl0000	0	54	yes	0-23,62-73,90-93	76-89	
pl0001	1	17	no	8,24-39		
pl0002	2	17	no	13,40-55		
pl0003	3	52	yes	2-5,10,100-122,136,139,142,160-164,254	130-135,137-138,140-141,143-147	149-150
pl0010	0	45	yes	0-23,62-74,154-157	150-153	
pl0011	1	17	no	8,24-39		
pl0012	2	17	no	13,40-55		
pl0013	3	52	no	2-5,10,100-122,130-147,160-164,254		
pl0070	0	56	no	0-23,62-74,130-148		
pl0071	1	18	no	0,8,24-39		
pl0072	2	18	no	0,13,40-55		
pl0073	3	54	no	2-5,10,100-122,130-147,160-166,254		
pl0080	0	36	no	0-23,62-73		
pl0081	1	1	no	0		
pl0082	2	18	no	0,13,40-55		
pl0083	3	47	no	2-5,10,80-97,100-122,254		
pl0090	0	56	yes	0-23,62-74	130-148	
pl0091	1	18	no	0,8,24-39		
pl0092	2	18	no	0,13,40-55		
pl0093	3	54	yes	2-5,10,100-122,136,139,142,160-164,254	130-135,137-138,140-141,143-147,165-166	149-150
pl0100	0	51	yes	0-23,62-73,175,177	120-123,160-165,170-172	
pl0101	1	17	no	8,24-39		
pl0102	2	17	no	13,40-55		
pl0103	3	56	yes	2-5,10,100-122,254	130-156	
pl0110	0	63	yes	0-23,62-73,220,225,227,230,232	120-123,200-217	
pl0111	1	17	no	8,24-39		
pl0112	2	17	no	13,40-55		
pl0120	0	63	yes	0-23,62-73,160-165,170-172,230-235	120-123,240-247	
pl0170	0	51	no	0-23,62-73,120-123,130-137,170-172		
pl0171	1	17	no	8,24-39		
pl0172	2	17	no	13,40-55		
pl0173	3	56	no	2-5,10,100-122,130-156,254		
pl0180	0	40	no	0-23,62-73,120-123		
pl0181	1	17	no	8,24-39		
pl0182	2	17	no	13,40-55		
pl0183	3	56	no	2-5,10,100-122,130-156,254		
pl0190	0	51	yes	0-23,62-73	120-123,130-137,170-172	
pl0191	1	17	no	8,24-39		
pl0192	2	17	no	13,40-55		
pl0193	3	56	yes	2-5,10,100-122,254	130-156	
pl0200	0	36	yes	0-23,62-73		
pl0201	1	17	no	8,24-39		
pl0202	2	17	no	13,40-55		
pl0203	3	47	yes	2-5,10,80-97,100-122,254		
pl0210	0	36	yes	0-23,62-73		
pl0211	1	17	no	8,24-39		
pl0212	2	17	no	13,40-55		
pl0220	0	60	no	0-8,10-13,15-23,62-73,130,135-137,140-141,143-144,146-147,149-151,153-155,157-158,160-161,163-164,166-169		
pl0221	1	17	no	8,24-39		
pl0222	2	17	no	13,40-55		
pl0270	0	49	no	0-23,62-73,130-142		
pl0271	1	18	no	0,8,24-39		
pl0272	2	18	no	0,13,40-55		
pl0273	3	47	no	2-5,10,80-97,100-122,254		
pl0280	0	68	no	0-55,62-73		
pl0281	1	17	no	8,24-39		
pl0282	2	17	no	13,40-55		
pl0283	3	29	no	2-5,10,100-122,254		
pl0290	0	49	yes	0-23,62-73	130-142	
pl0291	1	18	no	0,8,24-39		
pl0292	2	18	no	0,13,40-55		
pl0293	3	47	yes	2-5,10,80-97,100-122,254		
pl0300	0	42	yes	0-23,62-73,90-93	130-131	
pl0301	1	17	no	8,24-39		
pl0302	2	17	no	13,40-55		
pl0303	3	37	yes	2-5,10,80-87,100-122,254		
pl0310	0	42	yes	0-23,62-73,90-93	130-131	
pl0311	1	17	no	8,24-39		
pl0312	2	17	no	13,40-55		
pl0320	0	55	no	0-23,62-73,130,135-136,139-140,142-143,145-146,148-149,151-152,154-155,157-158,160-161		
pl0321	1	18	no	0,8,24-39		
pl0322	2	18	no	0,13,40-55		
pl0330	0	89	no	0-55,62-73,90-93,100-104,106-115,123-124		
pl0333	3	36	yes	2-5,10,80-87,100-122		
pl0370	0	42	no	0-23,62-73,90-93,130-131		
pl0371	1	18	no	0,8,24-39		
pl0372	2	18	no	0,13,40-55		
pl0373	3	37	no	2-5,10,80-87,100-122,254		
pl0380	0	36	no	0-23,62-73		
pl0381	1	1	no	0		
pl0382	2	18	no	0,13,40-55		
pl0383	3	47	no	2-5,10,80-97,100-122,254		
pl0390	0	42	no	0-23,62-73,90-93,130-131		
pl0391	1	18	no	0,8,24-39		
pl0392	2	18	no	0,13,40-55		
pl0393	3	37	yes	2-5,10,80-87,100-122,254		
pl0400	0	63	yes	0-23,62-73,82,86,90,130	76-81,83-85,87-89,91-93,131-138	
pl0401	1	17	no	8,24-39		
pl0402	2	17	no	13,40-55		
pl0403	3	29	no	2-5,10,100-122,254		
pl0410	0	36	no	0-23,62-73		
pl0411	1	17	no	8,24-39		
pl0412	2	17	no	13,40-55		
pl0420	0	36	yes	0-23,62-73		
pl0421	1	17	no	8,24-39		
pl0422	2	17	no	13,40-55		
pl0430	0	63	no	0-23,62-73,76-93,130-138		
pl0450	0	60	no	0-23,62-73,131-154		
pl0470	0	76	no	0-55,62-73,130-132,134-138		
pl0471	1	18	no	0,8,24-39		
pl0472	2	18	no	0,13,40-55		
pl0473	3	31	no	2-5,10,100-122,130-131,254		
pl0480	0	36	no	0-23,62-73		
pl0481	1	17	no	8,24-39		
pl0482	2	17	no	13,40-55		
pl0483	3	29	no	2-5,10,100-122,254		
pl0490	0	76	yes	0-55,62-73	130-132,134-138	
pl0491	1	18	no	0,8,24-39		
pl0492	2	18	no	0,13,40-55		
pl0493	3	31	yes	2-5,10,100-122,254	130-131	
pl0500	0	52	yes	0-23,62-73,180-181	130-143	
pl0501	1	17	no	8,24-39		
pl0502	2	17	no	13,40-55		
pl0503	3	52	yes	2-5,10,100-122,168-172,254	150-167	
pl0510	0	56	yes	0-23,62-73	120-123,130-145	
pl0511	1	17	no	8,24-39		
pl0512	2	17	no	13,40-55		
pl0520	0	50	yes	0-23,62-73,135-136	120-123,130-133,140-143	
pl0521	1	17	no	8,24-39		
pl0522	2	17	no	13,40-55		
pl0530	0	52	no	0-23,62-73,130-143,180-181		
pl0540	0	52	no	0-23,62-73,130-143,180-181		
pl0550	0	50	no	0-23,62-73,120-123,130-133,135-136,140-143		
pl0570	0	48	no	0-23,62-73,120-123,130-133,144-147		
pl0571	1	17	no	8,24-39		
pl0572	2	18	no	0,13,40-55		
pl0573	3	52	no	2-5,10,100-122,150-172,254		
pl0580	0	40	no	0-23,62-73,120-123		
pl0581	1	17	no	8,24-39		
pl0582	2	17	no	13,40-55		
pl0583	3	52	no	2-5,10,100-122,150-172,254		
pl0590	0	48	yes	0-23,62-73	120-123,130-133,144-147	
pl0591	1	17	no	8,24-39		
pl0592	2	18	no	0,13,40-55		
pl0593	3	52	yes	2-5,10,100-122,168-172,254	150-167	
pl0600	0	51	yes	0-23,58-60,62-74,130	75-76,120-123,131-134	
pl0601	1	17	no	8,24-39		
pl0602	2	17	no	13,40-55		
pl0603	3	54	yes	0-5,10,100-122,254	190-212	
pl0610	0	40	no	0-23,62-73,120-123		
pl0611	1	18	no	0,8,24-39		
pl0612	2	18	no	0,13,40-55		
pl0620	0	64	yes	0-23,62-74,138-143,149-152	120-123,130-137,144-148	
pl0621	1	17	no	8,24-39		
pl0622	2	17	no	13,40-55		
pl0623	3	58	yes	0-5,10,100-122,254	75-78,190-212	
pl0640	0	72	no	0-55,62-73,130-133		
pl0670	0	48	no	0-23,62-76,120-123,135-139		
pl0671	1	18	no	0,8,24-39		
pl0672	2	18	no	0,13,40-55		
pl0673	3	61	no	0-5,10,75-78,100-122,140-142,190-212,254		
pl0680	0	40	no	0-23,62-73,120-123		
pl0681	1	17	no	8,24-39		
pl0682	2	17	no	13,40-55		
pl0683	3	58	no	0-5,10,75-78,100-122,190-212,254		
pl0690	0	48	yes	0-23,62-76	120-123,135-139	
pl0691	1	18	no	0,8,24-39		
pl0692	2	18	no	0,13,40-55		
pl0693	3	61	yes	0-5,10,75-78,100-122,254	140-142,190-212	
pl0700	0	36	no	0-23,62-73		
pl0701	1	17	no	8,24-39		
pl0702	2	17	no	13,40-55		
pl0703	3	6	no	2-5,10,254		
pl0800	0	35	no	0-8,10-23,62-73		
pl3000	0	68	no	0-55,62-73		
pl3001	1	17	no	8,24-39		
pl3002	2	17	no	13,40-55		
pl3003	3	30	no	0,2-5,10,100-122,254		
pl4000	0	68	no	0-55,62-73		
pl4001	1	17	no	8,24-39		
pl4002	2	17	no	13,40-55		
pl4003	3	29	no	2-5,10,100-122,254		
pl5000	0	51	yes	0-23,62-73	78-92	
pl5001	1	18	no	8-9,24-39		
pl5002	2	17	no	13,40-55		
pl5003	3	29	no	2-5,10,100-122,254		
pl6000	0	44	yes	0-23,62-73,130-133	120-123	
pl6001	1	17	no	8,24-39		
pl6002	2	17	no	13,40-55		
pl6003	3	36	yes	2-5,10,100-122,254	150-156	
pl9900	0	116	no	0-60,62-73,118-138,180-201		
pl9901	1	18	no	0,8,24-39		
pl9902	2	18	no	0,13,40-55		
pl9910	0	120	no	0-60,62-73,102-103,108-130,180-201		
pl9920	0	36	no	0-23,62-73		
pl9923	3	46	no	2-5,10,80-97,100-122		
